{
  "w_priority": 1.3929860125823361,
  "w_deadline": 0.15871888223513073,
  "w_duration": 1.1974099897438557
}