{
  "w_priority": 1.8143171355104202,
  "w_deadline": 0.4211385887271222,
  "w_duration": 0.8538284113322814
}